{"cameraMode":{"drawMode":0,"name":"Shaded","section":"Shading Mode"},"sceneLighting":true,"audioPlay":false,"sceneViewState":{"showFog":true,"showMaterialUpdate":false,"showSkybox":true,"showFlares":true,"showImageEffects":true,"showParticleSystems":true},"in2DMode":false,"pivot":{"x":14.665069580078125,"y":3.051815986633301,"z":10.421852111816407},"rotation":{"x":-0.3256780803203583,"y":0.020417451858520509,"z":-0.007034315727651119,"w":-0.9452343583106995},"size":2.15928053855896,"orthographic":false}